<?xml version="1.0" encoding="windows-1251" standalone="yes" ?>
<triggers>
	<trigger Name="SpecEnd_begin" active="0">
		<event	timeout="0.01"		eventid="GE_TIME_PERIOD" />
		<script>
		SaveAllToleranceStatus(RS_NEUTRAL)
		
		PlayCustomMusic("QuietDialogue01")
		
		Fly("SpecEnd_cam01", CINEMATIC_NO_AIM, 0, 11, 1, 0 )
		Fly("SpecEnd_cam02", CINEMATIC_NO_AIM, 0, 8, 0, 0 )
		Fly("SpecEnd_cam03", CINEMATIC_NO_AIM, 0, 15, 0, 0 )
		Fly("SpecEnd_cam04", CINEMATIC_NO_AIM, 0, 17, 0, 0 )
		Fly("SpecEnd_cam05", CINEMATIC_NO_AIM, 0, 23, 0, 0 )
		Fly("SpecEnd_cam06", CINEMATIC_NO_AIM, 0, 7, 0, 0 )
		Fly("SpecEnd_cam07", CINEMATIC_NO_AIM, 0, 19, 0, 0 )
		Fly("SpecEnd_cam08", CINEMATIC_NO_AIM, 0, 29, 0, 0 )
		Fly("SpecEnd_cam09", CINEMATIC_NO_AIM, 0, 76, 0, 0 )
		Fly("SpecEnd_cam10", CINEMATIC_NO_AIM, 0, 7, 0, 0 )
		Fly("SpecEnd_cam11", CINEMATIC_NO_AIM, 0, 41, 0, 0 )
		Fly("SpecEnd_cam12", CINEMATIC_NO_AIM, 0, 4, 0, 0 )
		Fly("SpecEnd_cam13", CINEMATIC_NO_AIM, 0, 43, 0, 0 )
		Fly("SpecEnd_cam14", CINEMATIC_NO_AIM, 0, 4, 0, 0 )
		Fly("SpecEnd_cam15", CINEMATIC_NO_AIM, 0, 4, 0, 0 )
		Fly("SpecEnd_cam16", CINEMATIC_NO_AIM, 0, 3, 0, 0 )
		Fly("SpecEnd_cam17", CINEMATIC_NO_AIM, 0, 8, 0, 0 )
		Fly("SpecEnd_cam18", CINEMATIC_NO_AIM, 0, 5, 0, 0 )
		Fly("SpecEnd_cam19", CINEMATIC_NO_AIM, 0, 11, 0, 0 )
		Fly("SpecEnd_cam20", CINEMATIC_NO_AIM, 0, 8, 0, 0 )
		Fly("SpecEnd_cam21", CINEMATIC_NO_AIM, 0, 22, 0, 0 )
		Fly("SpecEnd_cam22", CINEMATIC_NO_AIM, 0, 34, 0, 0 )
		Fly("SpecEnd_cam23", CINEMATIC_NO_AIM, 0, 4, 0, 0 )
		Fly("Titry_cam", CINEMATIC_NO_AIM, 0, 413.5, 0, 1 )
		StartCinematic()
		
		TActivate("SpecEnd_FadeIn")
		TActivate("SpecEnd_cam02")
		TActivate("SpecEnd_cam03")
		TActivate("SpecEnd_cam04")
		TActivate("SpecEnd_cam05")
		TActivate("SpecEnd_cam06")
		TActivate("SpecEnd_cam07")
		TActivate("SpecEnd_cam08")
		TActivate("SpecEnd_cam09")
		TActivate("SpecEnd_cam10")
		TActivate("SpecEnd_cam11")
		TActivate("SpecEnd_cam12")
		TActivate("SpecEnd_cam13")
		TActivate("SpecEnd_cam14")
		TActivate("SpecEnd_cam15")
		TActivate("SpecEnd_cam16")
		TActivate("SpecEnd_cam17")
		TActivate("SpecEnd_cam18")
		TActivate("SpecEnd_cam19")
		TActivate("SpecEnd_cam20")
		TActivate("SpecEnd_cam21")
		TActivate("SpecEnd_cam22")
		TActivate("SpecEnd_cam23")
		TActivate("SpecEnd_Titry")
		TActivate("SpecEnd_End")
		TActivate("NewMusicPlay")
		trigger:Deactivate()
		</script>
	</trigger>

	<trigger Name="SpecEnd_FadeIn" active="0">
		<event eventid="GE_CINEMATIC_ENTER_FADE_IN" ObjName="Player1" />
		<script>
		local vehPlayer = GetPlayerVehicle()
		if vehPlayer then
			vehPlayer:SetCustomLinearVelocity( 0 )
			vehPlayer:SetThrottle( 0 )
			vehPlayer:SetGamePositionOnGround( CVector(3277.523, 352.755, 3062.861))
			vehPlayer:SetRotation(Quaternion(0.015, -0.332, -0.085, -0.939))
			vehPlayer:SetExternalPathByName("SpecEnd_path1")
			vehPlayer:SetCustomLinearVelocity( 50 )
		end
		
		TeamCreate("MrShlyapa",1100,CVector(3357.856, 368.642, 3304.567),{"r1m2_CaravanBug01"})
		
		local vehShlyapa = GetEntityByName("MrShlyapa_vehicle_0")
		if vehShlyapa then
			vehShlyapa:SetRotation(Quaternion(-0.001, -0.984, 0.017, -0.177))
		end
		
		trigger:Deactivate()
		</script>
	</trigger>

	<trigger Name="SpecEnd_cam02" active="0">
		<event flypath="SpecEnd_cam02" eventid="GE_START_CINEMATIC_FLY" ObjName="Player1" />
		<script>
		local vehPlayer = GetPlayerVehicle()
		if vehPlayer then
			vehPlayer:SetCustomControlEnabled( true )
			vehPlayer:SetCustomLinearVelocity( 0 )
			vehPlayer:SetThrottle( 0 )
			vehPlayer:SetCustomControlEnabled( false )
			vehPlayer:SetGamePositionOnGround( CVector(3378.344, 367.685, 3273.688))
			vehPlayer:SetRotation(Quaternion(-0.032, -0.220, 0.020, 0.975))
		end
		
		CreateNewDummyObject( "dweller_player", "humPlayer", -1, -1, CVector(3370.098, 366.434, 3269.767), Quaternion(-0.042, -0.162, 0.022, 0.986), 0)
		
		AddCinematicMessage( 1, 1 )
		
		getObj("humPlayer"):SetNodeAction(AT_RESERVED1)
		getObj("humPlayer"):SetNextForAnimation(AT_RESERVED1, AT_RESERVED1, AT_RESERVED1, AT_RESERVED1, AT_RESERVED1, AT_RESERVED1)
	
		getObj("humPlayer"):SetNodeAction(AT_RESERVED1)
		getObj("humPlayer"):SetNextForAnimation(AT_RESERVED1, AT_RESERVED1, AT_RESERVED1, AT_RESERVED1, AT_RESERVED1, AT_RESERVED1)
	
		getObj("humPlayer"):SetNodeAction(AT_RESERVED1)
		getObj("humPlayer"):SetNextForAnimation(AT_RESERVED1, AT_RESERVED1, AT_RESERVED1, AT_RESERVED1, AT_RESERVED1, AT_RESERVED1)

		getObj("humPlayer"):SetNodeAction(AT_RESERVED1)
		getObj("humPlayer"):SetNextForAnimation(AT_RESERVED1, AT_RESERVED1, AT_RESERVED1, AT_RESERVED1, AT_RESERVED1, AT_RESERVED1)

		getObj("humPlayer"):SetNodeAction(AT_RESERVED1)
		getObj("humPlayer"):SetNextForAnimation(AT_RESERVED1, AT_RESERVED1, AT_RESERVED1, AT_RESERVED1, AT_RESERVED1, AT_RESERVED1)

		getObj("humPlayer"):SetNodeAction(AT_RESERVED1)
		getObj("humPlayer"):SetNextForAnimation(AT_RESERVED1)
		
		AddCinematicMessage( 1, 1 )
		
		trigger:Deactivate()
		</script>
	</trigger>

	<trigger Name="SpecEnd_cam03" active="0">
		<event flypath="SpecEnd_cam03" eventid="GE_START_CINEMATIC_FLY" ObjName="Player1" />
		<script>
		
		AddCinematicMessage( 2, 1 )
		
		trigger:Deactivate()
		</script>
	</trigger>

	<trigger Name="SpecEnd_cam04" active="0">
		<event flypath="SpecEnd_cam04" eventid="GE_START_CINEMATIC_FLY" ObjName="Player1" />
		<script>

		AddCinematicMessage( 3, 1 )
		
		trigger:Deactivate()
		</script>
	</trigger>

	<trigger Name="SpecEnd_cam05" active="0">
		<event flypath="SpecEnd_cam05" eventid="GE_START_CINEMATIC_FLY" ObjName="Player1" />
		<script>
		
		AddCinematicMessage( 4, 1 )
		AddCinematicMessage( 5, 1 )
		AddCinematicMessage( 6, 1 )
		
		trigger:Deactivate()
		</script>
	</trigger>

	<trigger Name="SpecEnd_cam06" active="0">
		<event flypath="SpecEnd_cam06" eventid="GE_START_CINEMATIC_FLY" ObjName="Player1" />
		<script>
		
		AddCinematicMessage( 7, 1 )
		
		trigger:Deactivate()
		</script>
	</trigger>

	<trigger Name="SpecEnd_cam07" active="0">
		<event flypath="SpecEnd_cam07" eventid="GE_START_CINEMATIC_FLY" ObjName="Player1" />
		<script>
		
		AddCinematicMessage( 8, 1 )
		
		trigger:Deactivate()
		</script>
	</trigger>

	<trigger Name="SpecEnd_cam08" active="0">
		<event flypath="SpecEnd_cam08" eventid="GE_START_CINEMATIC_FLY" ObjName="Player1" />
		<script>
		
		AddCinematicMessage( 9, 1 )
		AddCinematicMessage( 10, 1 )
		AddCinematicMessage( 11, 1 )
		
		trigger:Deactivate()
		</script>
	</trigger>

	<trigger Name="SpecEnd_cam09" active="0">
		<event flypath="SpecEnd_cam09" eventid="GE_START_CINEMATIC_FLY" ObjName="Player1" />
		<script>
		
		AddCinematicMessage( 12, 1 )
		AddCinematicMessage( 13, 1 )
		AddCinematicMessage( 14, 1 )
		AddCinematicMessage( 15, 1 )
		AddCinematicMessage( 16, 1 )
		
		trigger:Deactivate()
		</script>
	</trigger>

	<trigger Name="SpecEnd_cam10" active="0">
		<event flypath="SpecEnd_cam10" eventid="GE_START_CINEMATIC_FLY" ObjName="Player1" />
		<script>
		
		AddCinematicMessage( 17, 1 )
		
		trigger:Deactivate()
		</script>
	</trigger>

	<trigger Name="SpecEnd_cam11" active="0">
		<event flypath="SpecEnd_cam11" eventid="GE_START_CINEMATIC_FLY" ObjName="Player1" />
		<script>
		
		AddCinematicMessage( 18, 1 )
		AddCinematicMessage( 19, 1 )
		AddCinematicMessage( 20, 1 )
		
		trigger:Deactivate()
		</script>
	</trigger>

	<trigger Name="SpecEnd_cam12" active="0">
		<event flypath="SpecEnd_cam12" eventid="GE_START_CINEMATIC_FLY" ObjName="Player1" />
		<script>
		
		AddCinematicMessage( 21, 1 )
		
		trigger:Deactivate()
		</script>
	</trigger>

	<trigger Name="SpecEnd_cam13" active="0">
		<event flypath="SpecEnd_cam13" eventid="GE_START_CINEMATIC_FLY" ObjName="Player1" />
		<script>
		
		AddCinematicMessage( 22, 1 )
		AddCinematicMessage( 221, 1 )
		AddCinematicMessage( 23, 1 )
		AddCinematicMessage( 24, 1 )
		
		trigger:Deactivate()
		</script>
	</trigger>

	<trigger Name="SpecEnd_cam14" active="0">
		<event flypath="SpecEnd_cam14" eventid="GE_START_CINEMATIC_FLY" ObjName="Player1" />
		<script>
		
		PlayCustomMusic("Battle01")
		
		getObj("humPlayer"):SetNodeAction(AT_STAND2)
		
		AddCinematicMessage( 25, 1 )
		
		trigger:Deactivate()
		</script>
	</trigger>

	<trigger Name="SpecEnd_cam15" active="0">
		<event flypath="SpecEnd_cam15" eventid="GE_START_CINEMATIC_FLY" ObjName="Player1" />
		<script>
		SetGameTime( 9, 0 )
		
		SetWeather(1)
		
		TActivate("BurnGloohoe")
		
		trigger:Deactivate()
		</script>
	</trigger>

	<trigger Name="SpecEnd_cam16" active="0">
		<event flypath="SpecEnd_cam16" eventid="GE_START_CINEMATIC_FLY" ObjName="Player1" />
		<script>
		SetGameTime( 9, 0 )
		
		SetWeather(2)
		
		TActivate("DestroyGloohoe")
		
		local hs = GetEntityByName ("FIRE01")
		if hs then hs:Remove() end
		local hs = GetEntityByName ("FIRE02")
		if hs then hs:Remove() end
		local hs = GetEntityByName ("FIRE03")
		if hs then hs:Remove() end
		local hs = GetEntityByName ("FIRE04")
		if hs then hs:Remove() end
		local hs = GetEntityByName ("FIRE05")	
		if hs then hs:Remove() end
		local hs = GetEntityByName ("FIRE06")
		if hs then hs:Remove() end
		
		trigger:Deactivate()
		</script>
	</trigger>

	<trigger Name="SpecEnd_cam17" active="0">
		<event flypath="SpecEnd_cam17" eventid="GE_START_CINEMATIC_FLY" ObjName="Player1" />
		<script>
		SetGameTime( 9, 0 )
		
		SetWeather(0)
		
		PlayCustomMusic("QuietDialogue01")
		
		AddCinematicMessage( 26, 1 )
		
		trigger:Deactivate()
		</script>
	</trigger>

	<trigger Name="SpecEnd_cam18" active="0">
		<event flypath="SpecEnd_cam18" eventid="GE_START_CINEMATIC_FLY" ObjName="Player1" />
		<script>
		
		PlayCustomMusic("Death01")
		
		getObj("humPlayer"):SetNodeAction(AT_MOVE2)
		
		AddCinematicMessage( 27, 1 )
		
		trigger:Deactivate()
		</script>
	</trigger>

	<trigger Name="SpecEnd_cam19" active="0">
		<event flypath="SpecEnd_cam19" eventid="GE_START_CINEMATIC_FLY" ObjName="Player1" />
		<script>
		
		AddCinematicMessage( 28, 1 )
		
		trigger:Deactivate()
		</script>
	</trigger>

	<trigger Name="SpecEnd_cam20" active="0">
		<event flypath="SpecEnd_cam20" eventid="GE_START_CINEMATIC_FLY" ObjName="Player1" />
		<script>
		
		AddCinematicMessage( 29, 1 )
		
		trigger:Deactivate()
		</script>
	</trigger>

	<trigger Name="SpecEnd_cam21" active="0">
		<event flypath="SpecEnd_cam21" eventid="GE_START_CINEMATIC_FLY" ObjName="Player1" />
		<script>
		
		AddCinematicMessage( 30, 1 )
		
		trigger:Deactivate()
		</script>
	</trigger>

	<trigger Name="SpecEnd_cam22" active="0">
		<event flypath="SpecEnd_cam22" eventid="GE_START_CINEMATIC_FLY" ObjName="Player1" />
		<script>

		AddCinematicMessage( 31, 1 )
		AddCinematicMessage( 32, 1 )
		AddCinematicMessage( 33, 1 )
		
		trigger:Deactivate()
		</script>
	</trigger>

	<trigger Name="SpecEnd_cam23" active="0">
		<event flypath="SpecEnd_cam23" eventid="GE_START_CINEMATIC_FLY" ObjName="Player1" />
		<script>
		AddCinematicMessage( 34, 1 )
		
		local vehShlyapa = GetEntityByName("MrShlyapa_vehicle_0")
		if vehShlyapa then
			vehShlyapa:Remove()
		end
		
		trigger:Deactivate()
		</script>
	</trigger>

	<trigger Name="SpecEnd_Titry" active="0">
		<event flypath="Titry_cam" eventid="GE_START_CINEMATIC_FLY" ObjName="Player1" />
		<script>
			PlayCustomMusic("foreverandone")
			
			AddCinematicMessage( 5886, 4 )
			AddCinematicMessage( 5887, 2)
			AddCinematicMessage( 5888, 0.1)
			AddCinematicMessage( 5889, 0.1)
			AddCinematicMessage( 5890, 0.1)
			AddCinematicMessage( 5891, 0.1)
			AddCinematicMessage( 5892, 0.1)
			AddCinematicMessage( 5893, 0.1)
			AddCinematicMessage( 5894, 0.1)
			AddCinematicMessage( 5895, 0.1)
			AddCinematicMessage( 5896, 0.1)
			AddCinematicMessage( 5897, 0.1)
			AddCinematicMessage( 5898, 0.1)
			AddCinematicMessage( 5899, 0.1)
			AddCinematicMessage( 5900, 0.1)
			AddCinematicMessage( 5901, 0.1)
			AddCinematicMessage( 5902, 0.1)
			AddCinematicMessage( 5903, 0.1)
			AddCinematicMessage( 5904, 0.1)
			AddCinematicMessage( 5905, 0.1)
			AddCinematicMessage( 5906, 0.1)
			AddCinematicMessage( 5907, 0.1)
			AddCinematicMessage( 5908, 0.1)
			AddCinematicMessage( 5909, 0.1)
			AddCinematicMessage( 5910, 0.1)
			AddCinematicMessage( 5911, 0.1)
			AddCinematicMessage( 5912, 0.1)
			AddCinematicMessage( 5913, 0.1)
			AddCinematicMessage( 5914, 0.1)
			AddCinematicMessage( 5915, 0.1)
			AddCinematicMessage( 5916, 0.1)
			AddCinematicMessage( 5917, 0.1)
			AddCinematicMessage( 5918, 0.1)
			AddCinematicMessage( 5919, 0.1)
			AddCinematicMessage( 5920, 0.1)
			AddCinematicMessage( 5921, 0.1)
			AddCinematicMessage( 5925, 0.1)
			AddCinematicMessage( 5923, 0.1)
			AddCinematicMessage( 5924, 0.1)
			AddCinematicMessage( 5925, 0.1)
			AddCinematicMessage( 5926, 0.1)
			AddCinematicMessage( 5927, 0.1)
			AddCinematicMessage( 5928, 0.1)
			AddCinematicMessage( 5929, 0.1)
			AddCinematicMessage( 5930, 0.1)
			AddCinematicMessage( 5931, 0.1)
			AddCinematicMessage( 5932, 0.1)
			AddCinematicMessage( 5933, 0.1)
			AddCinematicMessage( 5934, 0.1)
			AddCinematicMessage( 5935, 0.1)
			AddCinematicMessage( 5936, 0.1)
			AddCinematicMessage( 5937, 0.1)
			AddCinematicMessage( 5938, 0.1)
			AddCinematicMessage( 5939, 0.1)
			AddCinematicMessage( 5940, 0.1)
			AddCinematicMessage( 5941, 0.1)
			AddCinematicMessage( 5942, 0.1)
			AddCinematicMessage( 5943, 0.1)
			AddCinematicMessage( 5944, 0.1)
			AddCinematicMessage( 5945, 0.1)
			AddCinematicMessage( 5946, 0.1)
			AddCinematicMessage( 5947, 0.1)
			AddCinematicMessage( 5948, 0.1)
			AddCinematicMessage( 5949, 0.1)
			AddCinematicMessage( 5950, 0.1)
			AddCinematicMessage( 5951, 0.1)
			AddCinematicMessage( 5952, 0.1)
			AddCinematicMessage( 5953, 0.1)
			AddCinematicMessage( 5954, 0.1)
			AddCinematicMessage( 5955, 0.1)
			AddCinematicMessage( 5956, 0.1)
			AddCinematicMessage( 5957, 0.1)
			AddCinematicMessage( 5958, 0.1)
			AddCinematicMessage( 5959, 0.1)
			AddCinematicMessage( 5960, 0.1)
			AddCinematicMessage( 59601, 0.1)
			AddCinematicMessage( 59602, 0.1)
			AddCinematicMessage( 5961, 0.1)
			AddCinematicMessage( 5962, 0.1)
			AddCinematicMessage( 5970, 3)

			trigger:Deactivate()
		</script>
	</trigger>

	<trigger Name="SpecEnd_End" active="0">
		<event eventid="GE_END_CINEMATIC" ObjName="Player1" />
		<event eventid="GE_SKIP_CINEMATIC" ObjName="Player1" />
		<script>
		
			ShowDeathMenu()
			
			trigger:Deactivate()
		</script>
	</trigger>

	<trigger Name="NewMusicPlay" active="0">
		<event msgid="5962" eventid="GE_START_CINEMATIC_MSG" ObjName="Player1" />
		<script>
			PlayCustomMusic("QuietDialogue01")
			trigger:Deactivate()
		</script>
	</trigger>

</triggers>